{
    "train": {
        "accuracy": 9.212284366066818,
        "loss": 0.5586546354988622
    },
    "val": {
        "accuracy": 9.144345708264774,
        "loss": 0.7721076119815864
    },
    "step": 9
}
