{
    "train": {
        "accuracy": 9.973524692564938,
        "loss": 0.4545155855259232
    },
    "val": {
        "accuracy": 9.16980528884656,
        "loss": 0.17357766681070286
    },
    "step": 9
}
