step	accuracy
0	0.7324335398097804
1	1.538773767903895
2	2.579374700044017
3	3.7653000032115065
4	4.159678461888951
5	5.356647079622816
6	6.7924818660466215
7	7.014832913007933
8	8.499924722211865
9	9.973524692564938
