step	accuracy
0	0.07874039922228715
1	1.7238405343478247
2	2.77987072267441
3	3.665018452720687
4	4.332308615529301
5	5.838482713180685
6	6.786091893470701
7	7.556609625748726
8	8.436252193619827
9	9.212284366066818
