step	loss
0	9.989255240907488
1	8.219249972559771
2	7.853819944495105
3	6.053765104118883
4	5.225427739984953
5	4.495861009073385
6	3.64237873925244
7	2.5891231606358045
8	1.7587199150887307
9	0.5586546354988622
