step	loss
0	9.458391390048767
1	8.498531535489498
2	7.82918296211998
3	6.2297118879191045
4	5.518197432759534
5	4.0418600891389085
6	3.23520776095706
7	2.6317527034486665
8	1.6392603400132688
9	0.4545155855259232
